,Name
0,punam raut
1,rajeshwari govakwad
2,punam raut
3,mithali raj
4,shikha pandey
5,punam yadav
6,deepti sharma
7,Harmanpreet kaur
8,mansi joshi
9,ekta bisht
10,goswami
11,mithali raj
12,ekta bisht
13,harleen deol
,Name
0,punam raut
1,rajeshwari govakwad
2,punam raut
3,mithali raj
4,shikha pandey
5,punam yadav
6,deepti sharma
7,Harmanpreet kaur
8,mansi joshi
9,ekta bisht
10,goswami
11,mithali raj
12,ekta bisht
13,harleen deol
,Name
0,punam raut
1,rajeshwari govakwad
2,punam raut
3,mithali raj
4,shikha pandey
5,punam yadav
6,deepti sharma
7,Harmanpreet kaur
8,mansi joshi
9,ekta bisht
10,goswami
11,mithali raj
12,ekta bisht
13,harleen deol
,Name
0,punam raut
1,rajeshwari govakwad
2,punam raut
3,mithali raj
4,shikha pandey
5,punam yadav
6,deepti sharma
7,Harmanpreet kaur
8,mansi joshi
9,ekta bisht
10,goswami
11,mithali raj
12,ekta bisht
13,harleen deol
,Name
0,Harmanpreet kaur
1,shikha pandey
2,ekta bisht
3,ekta bisht
,Name
0,ekta bisht
1,punam yadav
2,shikha pandey
,Name
0,shikha pandey
1,shikha pandey
2,rajeshwari govakwad
3,shikha pandey
4,ekta bisht
,Name
0,ekta bisht
1,shikha pandey
,Name
0,shikha pandey
1,shikha pandey
2,shikha pandey
3,punam yadav
,Name
0,arundhati reddy
1,ekta bisht
2,shikha pandey
3,rajeshwari govakwad
,Name
0,shikha pandey
1,shikha pandey
2,arundhati reddy
3,rajeshwari govakwad
4,ekta bisht
,Name
0,shikha pandey
1,shikha pandey
2,shikha pandey
3,rajeshwari govakwad
,Name
0,shafali verma
1,rajeshwari govakwad
2,shikha pandey
3,shikha pandey
4,ekta bisht
,Name
0,arundhati reddy
1,ekta bisht
2,ekta bisht
3,shikha pandey
,Name
0,shikha pandey
1,ekta bisht
2,shikha pandey
3,ekta bisht
,Name
0,arundhati reddy
1,shikha pandey
2,shikha pandey
3,punam yadav
,Name
0,harleen deol
1,ekta bisht
2,shikha pandey
3,rajeshwari govakwad
